Date,Actual_Temp,Predicted_Temp,Error
2022-10-20,27.5,29.71042715535137,-2.2104271553513684
2022-10-21,26.7,29.374979897149547,-2.674979897149548
2022-10-22,27.5,29.418398204525168,-1.9183982045251682
2022-10-23,27.0,28.371375939529372,-1.371375939529372
2022-10-24,27.4,27.84330316493425,-0.44330316493425315
2022-10-25,27.7,28.044238944725926,-0.34423894472592664
2022-10-26,27.0,28.631595482937218,-1.6315954829372181
2022-10-27,26.8,28.818549740416746,-2.018549740416745
2022-10-28,26.6,27.649847095443754,-1.0498470954437522
2022-10-29,27.3,27.553301167586497,-0.25330116758649623
2022-10-30,27.3,27.49112820202043,-0.19112820202042968
2022-10-31,26.9,28.871384419560716,-1.9713844195607173
2022-11-01,27.0,27.83852115100834,-0.8385211510083401
2022-11-02,28.3,29.060328508266007,-0.7603285082660065
2022-11-03,28.9,28.772393592563674,0.1276064074363248
2022-11-04,28.8,28.052862218989652,0.7471377810103483
2022-11-05,28.9,28.803350000841718,0.09664999915828076
2022-11-06,29.2,29.14688520522338,0.053114794776618623
2022-11-07,29.1,29.471358188158092,-0.37135818815809074
2022-11-08,29.4,29.61479308916094,-0.21479308916094197
2022-11-09,29.2,29.879161007573796,-0.6791610075737964
2022-11-10,28.7,27.782877597604788,0.9171224023952114
2022-11-11,29.0,28.287091516031644,0.7129084839683557
2022-11-12,28.8,28.741737368821205,0.05826263117879549
2022-11-13,28.9,28.88063648386653,0.019363516133466874
2022-11-14,29.9,29.747827826602844,0.1521721733971546
2022-11-15,29.4,30.076512248853412,-0.6765122488534132
2022-11-16,28.1,29.16085683514184,-1.0608568351418377
2022-11-17,28.3,29.276240367767404,-0.976240367767403
2022-11-18,27.5,28.089429741253312,-0.589429741253312
2022-11-19,26.5,28.15109388575715,-1.6510938857571489
2022-11-20,25.9,27.34876011214915,-1.4487601121491522
2022-11-21,26.2,28.091443116694524,-1.891443116694525
2022-11-22,28.2,28.831466639244645,-0.6314666392446462
2022-11-23,29.0,29.094650341423975,-0.09465034142397499
2022-11-24,29.6,29.340845284085734,0.2591547159142671
2022-11-25,29.8,29.61329605109435,0.18670394890565234
2022-11-26,29.7,30.08540390284144,-0.3854039028414391
2022-11-27,29.6,30.326093284817375,-0.7260932848173738
2022-11-28,29.5,29.311728734056196,0.18827126594380417
2022-11-29,30.1,29.135199013804858,0.9648009861951437
2022-11-30,29.0,28.6488301841748,0.3511698158252017
2022-12-01,28.4,28.53387341268502,-0.13387341268501984
2022-12-02,29.7,28.13397811370003,1.5660218862999677
2022-12-03,30.2,29.57496691562467,0.6250330843753282
2022-12-04,29.5,29.675631436615177,-0.175631436615177
2022-12-05,29.3,30.004187930072987,-0.7041879300729867
2022-12-06,29.6,29.618928580858128,-0.018928580858126764
2022-12-07,29.6,28.608236183083623,0.9917638169163787
2022-12-08,28.6,28.358586913451727,0.24141308654827398
2022-12-09,27.2,26.297219357978502,0.9027806420214972
2022-12-10,28.3,26.99665170195943,1.3033482980405715
2022-12-11,29.0,28.349244059174143,0.6507559408258565
2022-12-12,28.0,29.400401955354386,-1.4004019553543863
2022-12-13,27.6,29.394234991769977,-1.7942349917699758
2022-12-14,29.3,29.702383934091117,-0.40238393409111595
2022-12-15,29.0,29.799354952381456,-0.7993549523814565
2022-12-16,30.6,29.912537552714987,0.6874624472850144
2022-12-17,29.6,29.779737786306047,-0.17973778630604542
2022-12-18,30.1,29.944156686092153,0.1558433139078481
2022-12-19,29.1,29.23184418346826,-0.1318441834682602
2022-12-20,29.6,28.296732617288786,1.3032673827112156
2022-12-21,30.3,28.55773001591247,1.7422699840875318
2022-12-22,30.2,28.832820079448602,1.367179920551397
2022-12-23,30.2,28.658235768238253,1.5417642317617464
2022-12-24,30.0,28.360589981550582,1.6394100184494178
2022-12-25,29.8,27.527324906805298,2.272675093194703
2022-12-26,29.8,28.273045762838716,1.5269542371612843
2022-12-27,30.4,29.698387262538912,0.7016127374610868
2022-12-28,30.5,29.005434346190036,1.494565653809964
2022-12-29,30.1,28.949120112863774,1.1508798871362274
2022-12-30,30.0,29.587766447821163,0.4122335521788365
2022-12-31,29.9,29.117186616143993,0.7828133838560056
2023-01-01,29.9,28.37392034212303,1.52607965787697
2023-01-02,29.8,28.552662314617777,1.2473376853822238
2023-01-03,29.9,29.253555939906178,0.6464440600938204
2023-01-04,29.4,28.889065949822356,0.5109340501776423
2023-01-05,29.3,29.04689452577706,0.2531054742229415
2023-01-06,28.5,29.007192111585034,-0.5071921115850344
2023-01-07,27.8,29.27729564630096,-1.4772956463009592
2023-01-08,27.2,29.086366292926957,-1.886366292926958
2023-01-09,27.2,28.597708668141152,-1.3977086681411528
2023-01-10,28.2,28.33890156365918,-0.13890156365918216
2023-01-11,29.6,27.491515527577743,2.1084844724222584
2023-01-12,29.3,28.509071402460158,0.7909285975398426
2023-01-13,28.6,27.834681179062567,0.7653188209374342
2023-01-14,29.7,27.358205817783933,2.3417941822160664
2023-01-15,30.4,28.306058070045022,2.093941929954976
2023-01-16,30.6,27.322126102237192,3.2778738977628095
2023-01-17,30.4,27.77976747059864,2.6202325294013598
2023-01-18,30.2,29.19775290821465,1.0022470917853497
2023-01-19,30.6,28.970035128763303,1.629964871236698
2023-01-20,30.2,28.812216713496145,1.3877832865038542
2023-01-21,29.4,28.910941228706307,0.489058771293692
2023-01-22,29.6,28.31386434868687,1.2861356513131312
2023-01-23,29.5,28.336636478558457,1.1633635214415428
2023-01-24,30.2,28.562201733573225,1.637798266426774
2023-01-25,29.5,28.6593333358015,0.8406666641985012
2023-01-26,29.5,29.818112234410847,-0.31811223441084735
2023-01-27,31.0,29.850076982103708,1.1499230178962918
2023-01-28,30.9,29.36567728359209,1.5343227164079103
2023-01-29,30.9,29.0413177212749,1.858682278725098
2023-01-30,30.3,30.797397140676576,-0.4973971406765756
2023-01-31,29.8,30.20857038745802,-0.40857038745802043
2023-02-01,28.8,30.374820017910306,-1.5748200179103051
2023-02-02,29.8,30.094330950254758,-0.2943309502547571
2023-02-03,29.5,29.96068422879746,-0.4606842287974615
2023-02-04,30.8,29.855364119593027,0.9446358804069739
2023-02-05,31.3,31.157164351966514,0.14283564803348625
2023-02-06,32.3,29.810357434681944,2.4896425653180536
2023-02-07,31.6,30.870776573039535,0.7292234269604663
2023-02-08,32.2,31.10493494114982,1.0950650588501816
2023-02-09,33.1,30.98263145699235,2.1173685430076503
2023-02-10,33.4,32.20833324831592,1.1916667516840818
2023-02-11,33.6,31.905182299848803,1.694817700151198
2023-02-12,33.5,31.828958863857657,1.6710411361423425
2023-02-13,32.3,30.354799804717256,1.945200195282741
2023-02-14,32.2,31.162726877905087,1.0372731220949163
2023-02-15,33.0,31.502916955056854,1.497083044943146
2023-02-16,34.4,31.578380675408553,2.8216193245914454
2023-02-17,34.3,31.848127691503663,2.451872308496334
2023-02-18,33.6,32.60506494511241,0.9949350548875913
2023-02-19,33.2,31.238654095254628,1.9613459047453752
2023-02-20,34.3,32.082737982675575,2.2172620173244226
2023-02-21,34.5,32.083824942394074,2.416175057605926
2023-02-22,34.5,33.234162789808934,1.2658372101910658
2023-02-23,34.6,33.38396241030499,1.2160375896950129
2023-02-24,34.2,32.2333261872959,1.9666738127041015
2023-02-25,34.0,32.862625405718774,1.1373745942812263
2023-02-26,34.2,32.682808452598465,1.5171915474015378
2023-02-27,34.8,32.884451367300336,1.915548632699661
2023-02-28,34.3,32.517353884887726,1.7826461151122714
2023-03-01,34.0,31.729326916142668,2.270673083857332
2023-03-02,34.1,33.21813094523221,0.8818690547677903
2023-03-03,34.5,32.82498471000683,1.6750152899931692
2023-03-04,35.5,33.97258075749349,1.527419242506511
2023-03-05,35.8,34.15518685651741,1.6448131434825868
2023-03-06,34.1,33.17093195250176,0.9290680474982409
2023-03-07,29.2,32.372342464473505,-3.1723424644735054
2023-03-08,32.2,32.5837923022417,-0.38379230224169447
2023-03-09,32.5,33.482847551688586,-0.982847551688586
2023-03-10,33.2,33.59151981177212,-0.39151981177212036
2023-03-11,33.8,33.670890684991974,0.12910931500802292
2023-03-12,34.3,34.12898459803838,0.17101540196161835
2023-03-13,34.5,34.82853773187482,-0.3285377318748175
2023-03-14,34.9,34.184435985684075,0.7155640143159232
2023-03-15,32.4,34.395943787740734,-1.9959437877407353
2023-03-16,31.8,33.45913189200464,-1.6591318920046412
2023-03-17,30.9,33.73364352138978,-2.8336435213897815
2023-03-18,30.7,33.92303575861747,-3.223035758617474
2023-03-19,30.9,33.52796338297443,-2.6279633829744284
2023-03-20,30.0,33.732150587473264,-3.7321505874732637
2023-03-21,30.1,33.632781352291886,-3.5327813522918845
2023-03-22,30.2,34.03107944773021,-3.8310794477302075
2023-03-23,31.2,34.32815005565633,-3.128150055656331
2023-03-24,33.1,34.251251641379454,-1.151251641379453
2023-03-25,33.5,34.49148279799559,-0.9914827979955874
2023-03-26,32.9,34.14464687532548,-1.2446468753254791
2023-03-27,33.3,34.40034711545299,-1.1003471154529905
2023-03-28,33.7,34.835999525522396,-1.1359995255223936
2023-03-29,34.9,35.08069408758665,-0.18069408758665162
2023-03-30,32.4,34.94131463116912,-2.541314631169122
2023-03-31,30.8,35.66610744018585,-4.866107440185846
2023-04-01,33.2,35.35087318230609,-2.1508731823060856
2023-04-02,33.4,35.28986330722095,-1.8898633072209492
2023-04-03,34.1,35.25439566078685,-1.1543956607868466
2023-04-04,35.6,35.943602663305136,-0.3436026633051341
2023-04-05,35.7,36.42107829616335,-0.7210782961633484
2023-04-06,35.6,37.73378767427782,-2.1337876742778192
2023-04-07,35.6,37.3419586223769,-1.7419586223768988
2023-04-08,32.4,36.64410195138931,-4.244101951389311
2023-04-09,35.2,36.93021609449378,-1.7302160944937768
2023-04-10,34.5,37.86064637075512,-3.36064637075512
2023-04-11,36.3,37.52398273657851,-1.2239827365785132
2023-04-12,35.8,38.255877784142676,-2.455877784142679
2023-04-13,37.1,38.66354412462239,-1.5635441246223891
2023-04-14,36.3,38.31580798314155,-2.0158079831415563
2023-04-15,35.5,37.3919980525984,-1.891998052598403
2023-04-16,36.4,36.73006425493071,-0.33006425493071134
2023-04-17,36.4,38.0457090968456,-1.6457090968456
2023-04-18,36.8,37.3019623087844,-0.5019623087843996
2023-04-19,38.2,38.776622996236526,-0.576622996236523
2023-04-20,36.9,37.6306788960961,-0.7306788960961015
2023-04-21,35.5,36.890546653863154,-1.3905466538631543
2023-04-22,34.3,36.86512659374246,-2.5651265937424625
2023-04-23,34.8,36.3846286781313,-1.5846286781313026
2023-04-24,36.9,37.02330206743826,-0.12330206743826011
2023-04-25,37.2,37.037759447574565,0.16224055242543756
2023-04-26,33.9,36.81938357922814,-2.919383579228139
2023-04-27,34.3,37.46022190296987,-3.160221902969873
2023-04-28,33.9,37.54356134762856,-3.6435613476285624
2023-04-29,33.6,37.10413944391392,-3.504139443913921
2023-04-30,34.3,36.714334200990976,-2.4143342009909787
2023-05-01,33.4,36.40718521578935,-3.007185215789349
2023-05-02,32.8,36.95113830566545,-4.151138305665455
2023-05-03,31.7,37.04451312427595,-5.344513124275952
2023-05-04,33.5,36.90893152812515,-3.4089315281251515
2023-05-05,34.6,36.80232775318366,-2.20232775318366
2023-05-06,34.5,37.02860355531707,-2.528603555317069
2023-05-07,33.4,37.93626110021678,-4.536261100216784
2023-05-08,34.1,37.37695674825378,-3.276956748253781
2023-05-09,36.4,37.867578475079654,-1.4675784750796552
2023-05-10,38.5,38.284234854454496,0.21576514554550386
2023-05-11,40.5,37.57848511232279,2.921514887677212
2023-05-12,39.4,37.40694036751102,1.993059632488979
2023-05-13,36.4,37.52065766871713,-1.1206576687171292
2023-05-14,36.1,36.91746553146869,-0.8174655314686916
2023-05-15,35.6,36.568911202699574,-0.968911202699573
2023-05-16,35.5,36.23766994200352,-0.7376699420035209
2023-05-17,37.3,36.09141522964321,1.2085847703567865
2023-05-18,38.1,36.361797086290025,1.7382029137099764
2023-05-19,38.6,36.09887382334662,2.501126176653379
2023-05-20,36.8,36.11758157106161,0.6824184289383837
2023-05-21,36.4,35.715972409274336,0.6840275907256625
2023-05-22,37.4,35.6828863410257,1.7171136589742986
2023-05-23,39.1,35.36854732880227,3.7314526711977294
2023-05-24,36.9,35.699758300162685,1.2002416998373135
2023-05-25,34.8,35.2623684591447,-0.4623684591447059
2023-05-26,33.8,35.12928253310524,-1.3292825331052427
2023-05-27,34.3,34.55533628936802,-0.25533628936802444
2023-05-28,36.1,34.466669126060495,1.6333308739395065
2023-05-29,38.5,34.15921080716312,4.34078919283688
2023-05-30,38.3,34.09038624607587,4.209613753924124
2023-05-31,39.5,34.302431417287615,5.197568582712385
2023-06-01,38.9,34.10714363430814,4.792856365691861
2023-06-02,35.4,33.56477158485011,1.835228415149892
2023-06-03,35.9,33.54318568718913,2.3568143128108687
2023-06-04,33.1,33.309689166496234,-0.20968916649623282
2023-06-05,34.3,32.7346411045468,1.565358895453194
2023-06-06,35.6,32.658082747666526,2.941917252333475
2023-06-07,35.9,32.542238049365736,3.357761950634263
2023-06-08,35.8,32.48049832267429,3.319501677325704
2023-06-09,36.1,32.251249222137446,3.8487507778625556
2023-06-10,34.5,31.830625065785974,2.6693749342140265
2023-06-11,34.5,31.45484241901247,3.0451575809875315
2023-06-12,34.0,30.765901563027892,3.2340984369721077
2023-06-13,31.6,30.846255052035097,0.7537449479649041
2023-06-14,32.0,30.497816136001614,1.5021838639983862
2023-06-15,32.8,30.443147697317357,2.35685230268264
2023-06-16,31.3,29.644967583077385,1.6550324169226158
2023-06-17,32.1,30.177142078062253,1.922857921937748
2023-06-18,32.7,29.8190708303963,2.8809291696037036
2023-06-19,33.1,29.700657108427617,3.3993428915723847
2023-06-20,33.1,29.512424817973873,3.5875751820261286
2023-06-21,33.6,29.10697009160272,4.493029908397283
2023-06-22,33.5,29.27598973383968,4.22401026616032
2023-06-23,32.2,29.120664668422233,3.07933533157777
2023-06-24,32.2,28.646009308732367,3.553990691267636
2023-06-25,27.8,28.131609858904994,-0.3316098589049936
2023-06-26,25.7,28.13829568645631,-2.4382956864563106
2023-06-27,28.4,28.282155986294008,0.11784401370599085
2023-06-28,28.5,27.29980012121498,1.2001998787850212
2023-06-29,25.7,27.17841271880167,-1.4784127188016711
2023-06-30,26.7,25.760746092776753,0.9392539072232466
2023-07-01,27.0,27.39150337026811,-0.39150337026811144
2023-07-02,28.1,27.67943719314444,0.42056280685556047
2023-07-03,29.0,27.92843775386754,1.0715622461324585
2023-07-04,29.3,27.897520697382177,1.4024793026178237
2023-07-05,30.0,27.57883982560663,2.4211601743933713
2023-07-06,26.2,27.051722762418652,-0.8517227624186532
2023-07-07,26.9,25.741176487561592,1.1588235124384063
2023-07-08,27.4,25.869030169855364,1.5309698301446346
2023-07-09,27.3,27.252740098146948,0.047259901853053066
2023-07-10,27.1,27.495833443945447,-0.3958334439454454
2023-07-11,28.3,27.72021783174205,0.5797821682579496
2023-07-12,26.1,27.240046602994344,-1.1400466029943424
2023-07-13,28.0,27.211243544561846,0.7887564554381541
2023-07-14,27.8,25.6952364680012,2.104763531998799
2023-07-15,27.1,27.278167214464975,-0.17816721446497397
2023-07-16,27.8,27.020468146309128,0.7795318536908731
2023-07-17,26.7,26.89096086491047,-0.19096086491046904
2023-07-18,25.1,25.848356217678727,-0.748356217678726
2023-07-19,25.3,24.49701497096518,0.8029850290348222
2023-07-20,26.5,26.55182859971835,-0.0518285997183483
2023-07-21,26.4,26.243453231580922,0.15654676841907644
2023-07-22,27.2,26.148644832172533,1.0513551678274666
2023-07-23,25.9,26.313533406216074,-0.41353340621607515
2023-07-24,26.3,26.1287707180355,0.17122928196450005
2023-07-25,25.4,26.287565953260742,-0.8875659532607436
2023-07-26,25.7,25.36998135366309,0.33001864633691014
2023-07-27,24.7,25.02538325727528,-0.3253832572752806
2023-07-28,25.9,26.009188688973296,-0.10918868897329759
2023-07-29,25.0,26.56345163827633,-1.5634516382763302
2023-07-30,26.7,26.45514536693782,0.2448546330621788
2023-07-31,27.2,26.726042401838406,0.47395759816159355
2023-08-01,26.8,26.586198199271433,0.21380180072856803
2023-08-02,26.6,26.427333493527158,0.17266650647284365
2023-08-03,26.2,26.2720434984984,-0.07204349849840241
2023-08-04,27.2,26.41994658633124,0.7800534136687602
2023-08-05,26.9,26.6287172520587,0.27128274794129936
2023-08-06,27.1,26.59244157363586,0.5075584263641417
2023-08-07,27.7,26.588553313304267,1.1114466866957322
2023-08-08,27.8,26.891787712957857,0.9082122870421436
2023-08-09,27.9,26.85808291106302,1.0419170889369802
2023-08-10,27.7,26.93767001521889,0.7623299847811076
2023-08-11,28.2,26.788209839797315,1.4117901602026848
2023-08-12,28.1,26.54929750002061,1.5507024999793906
2023-08-13,27.1,26.683157241392507,0.4168427586074941
2023-08-14,28.1,27.07647302331599,1.0235269766840105
2023-08-15,27.9,26.99615438380604,0.9038456161939585
2023-08-16,28.8,26.914307655107347,1.8856923448926537
2023-08-17,27.7,26.793471852239733,0.906528147760266
2023-08-18,28.8,27.010196453720297,1.7898035462797033
2023-08-19,28.3,27.138263913872,1.161736086128002
2023-08-20,26.9,27.102461721437738,-0.20246172143773933
2023-08-21,28.2,26.940565585136344,1.2594344148636551
2023-08-22,28.5,26.724944306360378,1.7750556936396222
2023-08-23,28.3,26.889345494181544,1.4106545058184565
2023-08-24,28.5,27.099780934749926,1.4002190652500737
2023-08-25,28.4,27.407373550334945,0.9926264496650532
2023-08-26,28.3,27.244020328831642,1.055979671168359
2023-08-27,28.1,27.133468340687806,0.9665316593121958
2023-08-28,28.6,27.10710442131988,1.4928955786801197
2023-08-29,28.9,27.563470812981652,1.3365291870183462
2023-08-30,30.4,27.33955312920066,3.060446870799339
2023-08-31,30.3,27.670450385860253,2.629549614139748
2023-09-01,32.1,27.56761385880494,4.532386141195062
2023-09-02,30.1,27.895943935684528,2.2040560643154734
2023-09-03,29.6,27.212204671610273,2.3877953283897284
2023-09-04,29.6,27.62516841459255,1.9748315854074505
2023-09-05,29.7,27.356870941743523,2.3431290582564763
2023-09-06,29.2,27.201845307232826,1.998154692767173
2023-09-07,27.8,27.184448973707084,0.6155510262929162
2023-09-08,27.5,25.596174151870038,1.9038258481299621
2023-09-09,27.2,27.28550556676297,-0.08550556676297205
2023-09-10,27.8,27.54904265705586,0.2509573429441403
2023-09-11,28.1,27.55612257180012,0.543877428199881
2023-09-12,28.6,27.22850509476155,1.3714949052384497
2023-09-13,28.4,27.731171324181112,0.6688286758188866
2023-09-14,28.9,27.822861103937367,1.0771388960626318
2023-09-15,28.6,27.48547230955765,1.1145276904423511
2023-09-16,26.4,27.96850721934009,-1.5685072193400913
2023-09-17,26.8,27.791051540190505,-0.9910515401905045
2023-09-18,28.0,27.62723966472563,0.37276033527437136
2023-09-19,28.3,28.209954230793983,0.09004576920601792
2023-09-20,28.9,28.70385249543495,0.19614750456504737
2023-09-21,29.8,28.144845801856263,1.6551541981437374
2023-09-22,27.4,26.870314009112477,0.529685990887522
2023-09-23,27.5,27.06268475803018,0.4373152419698201
2023-09-24,27.6,28.38631740766794,-0.7863174076679371
2023-09-25,28.7,28.612852433488236,0.08714756651176359
2023-09-26,29.3,28.206053628244288,1.0939463717557132
2023-09-27,27.9,27.028800311110363,0.8711996888896358
2023-09-28,28.9,28.55547357858056,0.3445264214194381
2023-09-29,29.4,27.629382742579804,1.770617257420195
2023-09-30,28.7,28.53595252879452,0.16404747120547825
2023-10-01,27.7,27.91144544617809,-0.21144544617808947
2023-10-02,27.7,29.30000907154564,-1.6000090715456423
2023-10-03,29.8,29.36825969450767,0.43174030549232967
2023-10-04,29.7,29.689846329854685,0.010153670145314209
2023-10-05,30.0,29.610302913323984,0.38969708667601566
2023-10-06,29.8,29.46786985823244,0.3321301417675606
2023-10-07,30.5,29.915544004015093,0.5844559959849072
2023-10-08,30.7,29.814296823167158,0.8857031768328412
2023-10-09,30.8,29.965849844228423,0.834150155771578
2023-10-10,31.3,29.786908219134727,1.513091780865274
2023-10-11,30.1,29.85133600994513,0.24866399005487239
2023-10-12,31.1,30.145676958719637,0.9543230412803645
2023-10-13,31.9,29.627029272651285,2.2729707273487136
2023-10-14,31.5,29.74825576715662,1.7517442328433788
2023-10-15,30.8,30.269525320453297,0.5304746795467032
2023-10-16,31.0,30.18335191399386,0.8166480860061398
2023-10-17,30.9,30.252954865306986,0.6470451346930126
2023-10-18,30.7,30.324374421008834,0.37562557899116555
2023-10-19,30.8,30.140239583501693,0.6597604164983082
2023-10-20,30.3,30.18685579982953,0.11314420017047055
2023-10-21,30.5,30.42322502464815,0.0767749753518494
2023-10-22,31.7,30.698236408955523,1.001763591044476
2023-10-23,31.5,29.850480094583197,1.6495199054168026
2023-10-24,31.2,30.896182036657468,0.3038179633425315
2023-10-25,31.0,30.58870135114544,0.4112986488545616
2023-10-26,30.0,29.844910069100273,0.15508993089972734
2023-10-27,30.2,29.392573944568912,0.8074260554310868
2023-10-28,30.1,29.902751159781268,0.1972488402187338
2023-10-29,30.6,29.14549404714635,1.4545059528536513
2023-10-30,31.0,30.199059915327506,0.8009400846724937
2023-10-31,30.5,29.91103721125352,0.5889627887464783
2023-11-01,30.4,29.776662700685463,0.6233372993145352
2023-11-02,30.4,30.417763362210117,-0.017763362210118316
2023-11-03,31.0,30.512360106431455,0.4876398935685451
2023-11-04,30.8,30.478638703715532,0.3213612962844685
2023-11-05,31.4,30.279238116552424,1.1207618834475745
2023-11-06,31.3,30.24473589306703,1.0552641069329702
2023-11-07,31.0,30.33222704128172,0.667772958718281
2023-11-08,30.0,30.9300741262513,-0.9300741262512986
2023-11-09,30.4,29.74269393479324,0.6573060652067575
2023-11-10,29.8,30.473166705807394,-0.6731667058073931
2023-11-11,30.8,30.426550650518966,0.37344934948103514
2023-11-12,31.1,30.417461873776702,0.6825381262232995
2023-11-13,30.4,30.88952528152718,-0.48952528152718244
2023-11-14,30.0,30.823769538534943,-0.8237695385349433
2023-11-15,29.2,29.651526333289237,-0.4515263332892374
2023-11-16,29.3,29.94835675194873,-0.6483567519487288
2023-11-17,29.3,29.89771367629324,-0.5977136762932389
2023-11-18,30.3,29.630653936549347,0.6693460634506536
2023-11-19,31.3,29.92387985497421,1.3761201450257907
2023-11-20,30.8,30.554089969166352,0.24591003083364882
2023-11-21,29.8,30.128564512247305,-0.3285645122473042
2023-11-22,29.7,30.176480400771123,-0.4764804007711234
2023-11-23,30.4,30.208822768744916,0.19117723125508235
2023-11-24,30.8,29.816174481708632,0.9838255182913684
2023-11-25,29.6,29.645879453730217,-0.0458794537302154
2023-11-26,30.2,28.284694908403537,1.915305091596462
2023-11-27,28.1,29.75099289163529,-1.650992891635287
2023-11-28,28.6,30.129110220660802,-1.529110220660801
2023-11-29,28.8,30.12721404692088,-1.3272140469208793
2023-11-30,29.3,29.353456766609675,-0.05345676660967413
2023-12-01,29.3,29.371384649304282,-0.07138464930428157
2023-12-02,30.3,29.40499633838749,0.8950036616125097
2023-12-03,29.9,29.561939632666185,0.3380603673338136
2023-12-04,30.5,29.613900914792595,0.8860990852074053
2023-12-05,29.9,29.67855641557107,0.22144358442892909
2023-12-06,28.1,29.902353657613045,-1.8023536576130432
2023-12-07,27.5,29.455384157843046,-1.9553841578430458
2023-12-08,28.3,29.419653143872104,-1.1196531438721031
2023-12-09,29.1,29.262919881999622,-0.16291988199962049
2023-12-10,29.3,29.084004591485574,0.2159954085144271
2023-12-11,29.4,29.60132557491854,-0.20132557491854186
2023-12-12,29.3,29.128346466082814,0.17165353391718696
2023-12-13,29.0,28.48417998019717,0.5158200198028311
2023-12-14,28.0,28.652001068439116,-0.652001068439116
2023-12-15,27.3,28.445617448211593,-1.145617448211592
2023-12-16,27.4,28.535209191798884,-1.1352091917988858
2023-12-17,27.4,28.34897653595276,-0.9489765359527631
2023-12-18,27.0,28.686289915464915,-1.686289915464915
2023-12-19,26.3,29.203855122090854,-2.903855122090853
2023-12-20,27.2,27.923328066648438,-0.7233280666484383
2023-12-21,29.3,28.867896805350917,0.4321031946490841
2023-12-22,29.6,29.06559386299883,0.5344061370011701
2023-12-23,29.4,28.30238628320631,1.0976137167936884
2023-12-24,29.1,29.124139778929326,-0.024139778929324507
2023-12-25,29.6,28.629870885616903,0.9701291143830986
2023-12-26,30.6,29.529027265884878,1.0709727341151236
2023-12-27,30.1,29.34153830408643,0.7584616959135708
2023-12-28,30.0,29.078700749625764,0.9212992503742363
2023-12-29,29.8,29.442463416556514,0.35753658344348693
2023-12-30,29.6,28.597591714592262,1.0024082854077392
2023-12-31,30.1,29.381145165102488,0.7188548348975132
2024-01-01,29.5,29.486816745072144,0.013183254927856325
2024-01-02,30.0,29.24913934562997,0.7508606543700296
2024-01-03,29.8,29.73346363455522,0.06653636544477948
2024-01-04,30.0,29.059547335556342,0.9404526644436579
2024-01-05,29.6,28.156601268070364,1.443398731929637
2024-01-06,29.2,29.31718625633635,-0.11718625633634971
2024-01-07,29.5,29.534741414783348,-0.03474141478334758
2024-01-08,29.7,29.476131419641007,0.22386858035899238
2024-01-09,28.2,29.685288592569968,-1.4852885925699688
2024-01-10,28.4,29.38235396440792,-0.9823539644079204
2024-01-11,28.7,29.644092450724333,-0.9440924507243338
2024-01-12,29.3,29.79822671567189,-0.4982267156718905
2024-01-13,29.7,29.95027652644262,-0.2502765264426223
2024-01-14,29.9,29.285790756432117,0.6142092435678812
2024-01-15,28.4,28.278136886501706,0.12186311349829282
2024-01-16,29.5,27.517980929482402,1.9820190705175982
2024-01-17,28.9,27.739454385235394,1.1605456147646045
2024-01-18,27.4,28.397305088608668,-0.9973050886086696
2024-01-19,28.8,27.854557924326933,0.9454420756730677
2024-01-20,28.8,28.851896381128594,-0.05189638112859285
2024-01-21,28.5,29.427073469620677,-0.9270734696206766
2024-01-22,29.9,28.16473475888424,1.7352652411157585
2024-01-23,27.4,29.332592062288384,-1.9325920622883856
2024-01-24,27.0,28.914239565212135,-1.9142395652121351
2024-01-25,27.4,28.66330987818878,-1.2633098781887817
2024-01-26,29.9,28.451429025489357,1.4485709745106412
2024-01-27,29.9,29.974804499605813,-0.07480449960581481
2024-01-28,31.2,29.288561368628173,1.9114386313718263
2024-01-29,30.7,30.10914685863614,0.5908531413638585
2024-01-30,30.6,30.295147192041835,0.3048528079581665
2024-01-31,31.4,29.547128317124017,1.852871682875982
2024-02-01,28.5,29.18962722177645,-0.6896272217764512
2024-02-02,28.8,30.118551581768884,-1.318551581768883
2024-02-03,31.1,30.02204860118133,1.0779513988186729
2024-02-04,33.1,31.11389380428421,1.9861061957157915
2024-02-05,33.6,31.436265852024725,2.1637341479752763
2024-02-06,34.6,31.21044952504956,3.3895504749504397
2024-02-07,33.8,31.74203240541499,2.0579675945850084
2024-02-08,32.9,31.60207292596565,1.297927074034348
2024-02-09,33.7,29.981061822874135,3.7189381771258674
2024-02-10,34.2,29.998524434446594,4.201475565553409
2024-02-11,32.9,30.167484463485664,2.7325155365143345
2024-02-12,33.1,30.708403153225177,2.3915968467748243
2024-02-13,33.8,31.236594590825533,2.5634054091744645
2024-02-14,32.7,31.424390562689304,1.275609437310699
2024-02-15,33.6,32.23971220334293,1.3602877966570688
2024-02-16,35.2,32.630827292489236,2.5691727075107664
2024-02-17,33.9,32.50687346821701,1.3931265317829897
2024-02-18,34.6,32.16419520463996,2.435804795360042
2024-02-19,33.9,32.413787386425206,1.4862126135747928
2024-02-20,33.7,31.84544209840723,1.8545579015927736
2024-02-21,31.5,31.9101874355765,-0.41018743557649984
2024-02-22,30.5,31.40339624915447,-0.9033962491544685
2024-02-23,31.2,31.36989302479077,-0.1698930247907704
2024-02-24,33.0,30.855232052160424,2.1447679478395756
2024-02-25,33.2,32.683318214218495,0.5166817857815076
2024-02-26,34.9,31.794939935750637,3.1050600642493613
2024-02-27,35.1,33.2758203649052,1.8241796350948007
2024-02-28,33.6,34.451184883687404,-0.8511848836874023
2024-02-29,35.1,33.86588311499869,1.2341168850013133
2024-03-01,35.8,33.753598361599224,2.0464016384007735
2024-03-02,34.5,33.203432845011015,1.2965671549889848
2024-03-03,31.1,32.474750414737656,-1.3747504147376546
2024-03-04,32.4,31.34815757322718,1.0518424267728186
2024-03-05,34.6,31.10828033665914,3.491719663340863
2024-03-06,34.9,31.85354522115528,3.046454778844719
2024-03-07,34.7,31.316282535176878,3.3837174648231247
2024-03-08,35.5,33.51520691442713,1.9847930855728677
2024-03-09,35.2,33.41030244779857,1.7896975522014316
2024-03-10,36.5,32.86399191148977,3.6360080885102306
2024-03-11,36.0,33.92892946335068,2.071070536649323
2024-03-12,37.2,34.263818419595054,2.9361815804049485
2024-03-13,35.4,34.24693854881549,1.1530614511845059
2024-03-14,35.2,33.312950008970525,1.8870499910294782
2024-03-15,35.1,33.497628789211646,1.6023712107883554
2024-03-16,35.6,33.57772007360062,2.022279926399385
2024-03-17,36.2,33.93103190242056,2.268968097579446
2024-03-18,35.1,34.897726607134274,0.20227339286572743
2024-03-19,34.9,35.08237740200536,-0.18237740200536479
2024-03-20,35.5,35.63940891204701,-0.1394089120470099
2024-03-21,36.3,35.44223880608684,0.8577611939131558
2024-03-22,36.4,35.28189023204575,1.1181097679542518
2024-03-23,36.6,35.40104348658567,1.1989565134143305
2024-03-24,37.6,36.64560681343815,0.9543931865618518
2024-03-25,37.8,37.284109825435195,0.5158901745648024
2024-03-26,38.3,36.91487397724079,1.3851260227592093
2024-03-27,39.5,36.93972385113537,2.560276148864631
2024-03-28,38.7,37.502348822203615,1.1976511777963879
2024-03-29,38.9,37.73825436350788,1.161745636492121
2024-03-30,38.2,37.93210863740708,0.2678913625929198
2024-03-31,38.4,38.22947891155541,0.17052108844458758
2024-04-01,39.0,38.50245818483679,0.49754181516320983
2024-04-02,39.1,37.281228574909,1.8187714250910005
2024-04-03,39.1,37.224574351137896,1.8754256488621053
2024-04-04,39.2,37.94169459556878,1.2583054044312263
2024-04-05,39.9,37.65447821989605,2.2455217801039495
2024-04-06,39.4,37.9015830393531,1.4984169606468996
2024-04-07,38.2,37.86793056364222,0.3320694363577843
2024-04-08,38.0,37.240373198158714,0.7596268018412857
2024-04-09,38.8,37.16843246759968,1.631567532400318
2024-04-10,38.8,37.41378899067002,1.3862110093299762
2024-04-11,39.1,37.83597289077519,1.2640271092248128
2024-04-12,38.3,37.71943458636987,0.5805654136301257
2024-04-13,37.9,37.24129107140135,0.6587089285986494
2024-04-14,39.2,36.542951437813784,2.657048562186219
2024-04-15,40.4,38.24556030053597,2.154439699464028
2024-04-16,39.5,40.37908980222788,-0.879089802227881
2024-04-17,40.7,39.83535079326215,0.8646492067378517
2024-04-18,40.3,39.30904454724737,0.9909554527526296
2024-04-19,40.2,38.97479344865323,1.2252065513467727
2024-04-20,38.9,39.25212347186478,-0.352123471864779
2024-04-21,38.2,38.52714684086862,-0.3271468408686147
2024-04-22,38.8,38.604274477222624,0.19572552277737287
2024-04-23,39.4,38.16497278032616,1.2350272196738388
2024-04-24,39.4,39.10350815446379,0.29649184553620955
2024-04-25,39.2,38.88948385477723,0.3105161452227705
2024-04-26,39.4,38.74018264195414,0.6598173580458564
2024-04-27,40.3,39.54360586252173,0.7563941374782672
2024-04-28,41.0,39.00169316575917,1.9983068342408288
2024-04-29,40.8,39.0711626490497,1.7288373509503003
2024-04-30,40.9,38.86114759609389,2.0388524039061053
2024-05-01,38.3,38.685779425849645,-0.3857794258496483
2024-05-02,38.8,37.96705177012316,0.832948229876834
2024-05-03,39.8,36.974822426851766,2.825177573148231
2024-05-04,39.0,37.652998356355354,1.3470016436446457
2024-05-05,39.2,37.89848025830747,1.3015197416925304
2024-05-06,37.9,37.945927095354214,-0.04592709535421591
2024-05-07,37.4,37.082614156810145,0.31738584318985374
2024-05-08,38.6,36.614879547075375,1.985120452924626
2024-05-09,36.5,37.33868708192143,-0.838687081921428
2024-05-10,36.9,37.240043419180296,-0.34004341918029724
2024-05-11,36.4,37.54264785327403,-1.1426478532740347
2024-05-12,36.1,38.068795480413534,-1.968795480413533
2024-05-13,34.8,37.04795351178008,-2.247953511780082
2024-05-14,37.7,37.90143295438217,-0.20143295438217024
2024-05-15,38.3,37.24525400819658,1.054745991803415
2024-05-16,39.1,37.57126467298783,1.5287353270121713
2024-05-17,37.7,36.67094822229948,1.0290517777005235
2024-05-18,38.7,36.84497362911354,1.8550263708864634
2024-05-19,38.9,37.34206034038069,1.5579396596193078
2024-05-20,40.5,37.16441047678247,3.3355895232175286
2024-05-21,41.7,36.82745974456857,4.872540255431431
2024-05-22,39.9,36.99068674804199,2.909313251958011
2024-05-23,38.8,36.68163417240564,2.11836582759436
2024-05-24,35.9,35.93097115705067,-0.030971157050672105
2024-05-25,34.1,35.301404838920725,-1.2014048389207233
2024-05-26,34.3,35.43679589356422,-1.1367958935642264
2024-05-27,32.7,35.311348374845366,-2.611348374845363
2024-05-28,34.1,34.60179350104669,-0.5017935010466914
2024-05-29,34.4,34.32226764084102,0.07773235915897914
2024-05-30,36.2,34.352940569835745,1.8470594301642578
2024-05-31,35.8,34.49303789716279,1.306962102837204
2024-06-01,35.9,34.38711331649457,1.5128866835054282
2024-06-02,36.2,34.47487369138646,1.7251263086135395
2024-06-03,37.4,33.85428370034855,3.5457162996514455
2024-06-04,31.4,32.4356180249677,-1.0356180249677038
2024-06-05,33.2,32.728122041223415,0.471877958776588
2024-06-06,33.6,32.723438150395516,0.8765618496044851
2024-06-07,33.9,31.618453843284453,2.281546156715546
2024-06-08,32.3,31.997108777912,0.3028912220879967
2024-06-09,27.0,32.12281521687026,-5.122815216870258
2024-06-10,27.7,30.267522028751255,-2.567522028751256
2024-06-11,27.9,29.858884208122728,-1.9588842081227291
2024-06-12,28.8,30.703090440393193,-1.9030904403931928
2024-06-13,28.8,30.53410135971876,-1.7341013597187604
2024-06-14,28.9,30.659812922992632,-1.7598129229926336
2024-06-15,29.3,30.735769703429902,-1.4357697034299015
2024-06-16,30.5,29.96798933740225,0.5320106625977488
2024-06-17,30.6,29.968026660210782,0.6319733397892193
2024-06-18,29.6,28.579066935954618,1.0209330640453835
2024-06-19,27.8,29.635135167139346,-1.8351351671393452
2024-06-20,29.0,29.360054284445244,-0.3600542844452441
2024-06-21,29.4,29.434582993646202,-0.034582993646203875
2024-06-22,29.8,29.3605060279274,0.43949397207260077
2024-06-23,30.3,29.576761929803833,0.7232380701961674
2024-06-24,30.8,29.18189560633214,1.6181043936678599
2024-06-25,29.4,29.078754184668142,0.3212458153318565
2024-06-26,29.7,28.470337574729783,1.2296624252702166
2024-06-27,27.6,28.354756356854285,-0.7547563568542834
2024-06-28,27.8,27.594107723571835,0.2058922764281661
2024-06-29,28.4,28.18538207435888,0.21461792564111803
2024-06-30,27.9,28.104070774682814,-0.20407077468281543
2024-07-01,27.2,27.218553988237232,-0.0185539882372332
2024-07-02,27.4,27.07556947978679,0.32443052021320895
2024-07-03,27.5,28.04905552387841,-0.5490555238784083
2024-07-04,26.8,28.389233475809426,-1.5892334758094258
2024-07-05,28.1,27.66053402202753,0.4394659779724712
2024-07-06,27.7,27.37329352211147,0.32670647788852847
2024-07-07,26.0,27.883642496772957,-1.883642496772957
2024-07-08,27.1,23.624356373648563,3.475643626351438
2024-07-09,27.7,26.967191704686858,0.7328082953131414
2024-07-10,28.2,27.969069083751183,0.23093091624881623
2024-07-11,26.9,27.007591162407852,-0.1075911624078536
2024-07-12,26.2,26.24312466309803,-0.043124663098030425
2024-07-13,26.5,26.297498963197825,0.20250103680217535
2024-07-14,24.3,22.642051472530987,1.6579485274690136
2024-07-15,28.7,27.445634033781406,1.254365966218593
2024-07-16,28.8,27.285109009759683,1.5148909902403176
2024-07-17,26.9,26.90127264556476,-0.0012726455647609214
2024-07-18,26.7,27.088956306510447,-0.38895630651044755
2024-07-19,25.1,27.290699119116045,-2.1906991191160436
2024-07-20,25.9,25.91617636768818,-0.01617636768818187
2024-07-21,26.7,26.59096937261884,0.1090306273811592
2024-07-22,24.4,25.80375074557171,-1.4037507455717098
2024-07-23,24.1,25.69717485548406,-1.5971748554840595
2024-07-24,24.6,25.032364791143042,-0.4323647911430406
2024-07-25,23.7,22.74292269947052,0.9570773005294804
2024-07-26,25.1,25.77673345309822,-0.676733453098219
2024-07-27,25.1,26.126736076277723,-1.0267360762777216
2024-07-28,25.0,26.297995663686248,-1.2979956636862475
2024-07-29,26.3,26.188518641090862,0.11148135890913835
2024-07-30,27.7,26.54998730525532,1.150012694744678
2024-07-31,26.3,26.012462306336072,0.28753769366392845
2024-08-01,26.6,27.036997324801465,-0.4369973248014638
2024-08-02,26.7,25.863860322509154,0.836139677490845
2024-08-03,25.8,26.346591436462557,-0.5465914364625561
2024-08-04,26.0,24.913854649311094,1.0861453506889056
2024-08-05,26.8,26.90000810338778,-0.1000081033877791
2024-08-06,27.4,27.173981681577516,0.22601831842248288
2024-08-07,27.0,27.227842969024422,-0.22784296902442236
2024-08-08,27.2,27.167532701522912,0.03246729847708707
2024-08-09,24.8,26.951534026484428,-2.151534026484427
2024-08-10,28.6,26.941362966986844,1.6586370330131572
2024-08-11,27.6,27.183189542333434,0.41681045766656766
2024-08-12,28.2,27.177070621058473,1.0229293789415266
2024-08-13,29.5,27.55898368355077,1.941016316449229
2024-08-14,29.2,27.420893470282877,1.7791065297171222
2024-08-15,30.4,27.523063470485916,2.876936529514083
2024-08-16,30.3,27.34193882482085,2.95806117517915
2024-08-17,28.8,27.819908570797608,0.9800914292023926
2024-08-18,28.3,26.772345743912915,1.5276542560870858
2024-08-19,30.3,28.051665837691043,2.248334162308957
2024-08-20,29.8,27.84433005674936,1.9556699432506406
2024-08-21,30.3,26.869454782426565,3.4305452175734352
2024-08-22,28.9,27.350602564444106,1.5493974355558926
2024-08-23,27.9,27.20996207920146,0.6900379207985381
2024-08-24,24.1,23.466470875796663,0.6335291242033385
2024-08-25,25.3,25.077327241387792,0.2226727586122088
2024-08-26,24.3,26.64227295516462,-2.3422729551646206
2024-08-27,26.1,26.509324419154453,-0.4093244191544514
2024-08-28,26.7,26.64491675244564,0.05508324755436078
2024-08-29,27.1,27.435189639064443,-0.335189639064442
2024-08-30,27.1,27.754640753081308,-0.6546407530813063
2024-08-31,25.6,27.482292833029803,-1.8822928330298012
2024-09-01,25.6,27.43108587387201,-1.8310858738720093
2024-09-02,23.8,24.49914075884142,-0.6991407588414198
2024-09-03,26.4,27.097586091294243,-0.6975860912942444
2024-09-04,26.6,27.86847471638732,-1.268474716387317
2024-09-05,27.5,26.727598212766956,0.7724017872330435
2024-09-06,26.4,27.466656193786957,-1.066656193786958
2024-09-07,27.8,27.639636365443714,0.16036363455628688
2024-09-08,28.2,28.056832220674803,0.14316777932519642
2024-09-09,28.2,27.825725581807564,0.3742744181924351
2024-09-10,27.7,27.162168508475347,0.5378314915246527
2024-09-11,27.8,28.14264903793272,-0.34264903793271984
2024-09-12,27.5,27.90621677396704,-0.4062167739670386
2024-09-13,27.1,27.822070343995765,-0.7220703439957639
2024-09-14,27.1,27.550367528906683,-0.45036752890668197
2024-09-15,26.8,27.611590412210376,-0.811590412210375
2024-09-16,28.3,27.840709737186888,0.4592902628131128
2024-09-17,27.8,27.925896619374463,-0.12589661937446195
2024-09-18,28.6,27.840772427331565,0.7592275726684363
2024-09-19,29.0,27.90576270611281,1.0942372938871898
2024-09-20,28.1,28.213694042564274,-0.11369404256427273
2024-09-21,29.5,28.65905126992257,0.8409487300774288
2024-09-22,29.6,28.11483010364516,1.48516989635484
2024-09-23,28.6,27.029320629000097,1.5706793709999047
2024-09-24,29.5,28.31297576924163,1.1870242307583716
2024-09-25,27.6,26.887311478161436,0.7126885218385652
2024-09-26,25.4,27.931407361976706,-2.531407361976708
2024-09-27,25.6,28.632428422659245,-3.032428422659244
2024-09-28,27.5,29.379683820629804,-1.879683820629804
2024-09-29,28.2,29.421165900865493,-1.2211659008654934
2024-09-30,29.8,29.767690565707237,0.03230943429276323
2024-10-01,30.4,30.266393437611846,0.13360656238815238
2024-10-02,30.6,29.99530914401149,0.6046908559885118
2024-10-03,29.8,29.63603542441269,0.16396457558731115
2024-10-04,28.8,29.44794296215132,-0.6479429621513191
2024-10-05,29.4,29.77803611055897,-0.3780361105589698
2024-10-06,29.5,29.44225767851324,0.05774232148676006
2024-10-07,30.5,29.516054513935114,0.9839454860648864
2024-10-08,30.4,29.870499564148137,0.5295004358518618
2024-10-09,27.8,30.232893055159057,-2.432893055159056
2024-10-10,29.0,29.10256606429612,-0.10256606429611992
2024-10-11,29.4,29.002408796573363,0.3975912034266358
2024-10-12,29.8,29.704634425842848,0.09536557415715308
2024-10-13,29.9,29.687340030813242,0.21265996918675611
2024-10-14,29.2,29.394205044629445,-0.1942050446294452
2024-10-15,28.9,29.91635965477318,-1.0163596547731828
2024-10-16,29.8,29.326797888617094,0.473202111382907
2024-10-17,27.8,30.33484850565872,-2.5348485056587187
2024-10-18,29.1,28.816664171949018,0.28333582805098345
2024-10-19,29.7,29.155251112266026,0.5447488877339737
2024-10-20,28.2,30.06788708115984,-1.8678870811598394
2024-10-21,27.2,30.052306385217445,-2.852306385217446
2024-10-22,28.3,30.396869747680448,-2.096869747680447
2024-10-23,28.8,30.22048271901875,-1.4204827190187501
2024-10-24,28.7,30.37485252830711,-1.6748525283071096
2024-10-25,29.0,30.394227825581133,-1.3942278255811331
2024-10-26,29.1,30.004929634448068,-0.9049296344480666
2024-10-27,30.5,29.76395948894465,0.7360405110553501
2024-10-28,30.7,30.200652652145468,0.49934734785453117
2024-10-29,30.7,29.87859605647202,0.8214039435279794
2024-10-30,29.6,30.446462188141002,-0.8464621881410004
2024-10-31,30.5,30.80185692158017,-0.3018569215801712
2024-11-01,30.0,30.887289359001397,-0.8872893590013966
2024-11-02,30.1,30.79723990011647,-0.6972399001164682
2024-11-03,30.2,30.191651592579692,0.008348407420307069
2024-11-04,30.1,30.190218093965647,-0.09021809396564606
2024-11-05,29.7,30.435755432656048,-0.7357554326560489
2024-11-06,30.2,30.186358557721242,0.01364144227875741
2024-11-07,30.0,30.68258193146003,-0.6825819314600317
2024-11-08,29.6,30.321811244413954,-0.7218112444139528
2024-11-09,29.7,30.25357491556637,-0.5535749155663723
2024-11-10,29.4,30.89776605956882,-1.4977660595688214
2024-11-11,29.1,30.091105495033624,-0.9911054950336222
2024-11-12,29.3,29.353939303866788,-0.05393930386678747
2024-11-13,30.2,30.14039177178698,0.05960822821301903
2024-11-14,32.1,30.539505147529024,1.5604948524709776
2024-11-15,31.3,31.722752846202003,-0.4227528462020018
2024-11-16,31.2,32.15670523333886,-0.9567052333388624
2024-11-17,30.9,31.7166441288879,-0.8166441288879014
2024-11-18,28.9,30.077392875553276,-1.1773928755532772
2024-11-19,28.4,29.68589410760865,-1.2858941076086516
2024-11-20,28.0,29.337547849648203,-1.3375478496482032
2024-11-21,29.0,29.476898145209198,-0.4768981452091978
2024-11-22,29.2,29.278242518005793,-0.07824251800579418
2024-11-23,29.6,29.224236130962087,0.3757638690379146
2024-11-24,28.9,29.601404967381427,-0.7014049673814284
2024-11-25,27.9,29.01040466662654,-1.1104046666265397
2024-11-26,27.4,28.691374262036657,-1.2913742620366584
2024-11-27,27.4,28.505408937771822,-1.1054089377718235
2024-11-28,27.5,28.08266573999111,-0.5826657399911106
2024-11-29,27.0,28.21555998850687,-1.2155599885068717
2024-11-30,27.9,28.30749596999974,-0.40749596999974
2024-12-01,29.0,29.18096882464591,-0.1809688246459089
2024-12-02,28.9,30.847708641845387,-1.947708641845388
2024-12-03,29.5,30.568657505853245,-1.0686575058532455
2024-12-04,30.6,30.797286030599246,-0.1972860305992441
2024-12-05,31.4,31.01645784111507,0.3835421588849286
2024-12-06,31.8,31.387161683193938,0.412838316806063
2024-12-07,31.6,31.049244477601675,0.550755522398326
2024-12-08,30.1,30.094530089269078,0.005469910730923289
2024-12-09,29.5,29.038228726759556,0.4617712732404442
2024-12-10,28.4,29.021250325701082,-0.6212503257010837
2024-12-11,29.3,29.5200390444581,-0.22003904445809752
2024-12-12,28.4,29.302043219396413,-0.9020432193964147
2024-12-13,27.8,28.951951808134528,-1.1519518081345268
2024-12-14,27.6,28.266943666394372,-0.6669436663943706
2024-12-15,27.9,28.032021981209585,-0.13202198120958641
2024-12-16,27.8,27.851065520344672,-0.05106552034467171
2024-12-17,28.6,27.65634413139696,0.9436558686030416
2024-12-18,28.8,27.993313269956634,0.8066867300433671
2024-12-19,29.6,27.968639682885495,1.6313603171145061
2024-12-20,30.1,28.990353675607327,1.1096463243926742
2024-12-21,30.3,29.31192670407885,0.9880732959211507
2024-12-22,29.5,29.66139153086771,-0.16139153086771074
2024-12-23,27.9,29.725606179503956,-1.825606179503957
2024-12-24,28.1,29.988703006444293,-1.8887030064442918
2024-12-25,30.0,29.880874446958067,0.11912555304193262
2024-12-26,30.1,30.807354944764526,-0.7073549447645249
2024-12-27,29.9,30.81225740544214,-0.9122574054421406
2024-12-28,29.7,30.577001195825286,-0.8770011958252866
2024-12-29,30.6,30.99099274883366,-0.3909927488336571
2024-12-30,30.7,31.044146968674486,-0.3441469686744867
2024-12-31,30.3,30.600668281863815,-0.300668281863814
